nombre;slug;created_by_id;updated_by_id;foto
Alexis Peña;Alexis-Peña;1;1;img/musica/artista/sin-imagen.jpeg
Bethel Music;Bethel-Music;1;1;img/musica/artista/sin-imagen.jpeg
Coalo Zamorano;Coalo-Zamorano;1;1;img/musica/artista/sin-imagen.jpeg
Danilo Montero;Danilo-Montero;1;1;img/musica/artista/sin-imagen.jpeg
En Espiritu y En Verdad;En-Espiritu-y-En-Verdad;1;1;img/musica/artista/sin-imagen.jpeg
Funky;Funky;1;1;img/musica/artista/sin-imagen.jpeg
Generaciones;Generaciones;1;1;img/musica/artista/sin-imagen.jpeg
Guardian;Guardian;1;1;img/musica/artista/sin-imagen.jpeg
Hillsong;Hillsong;1;1;img/musica/artista/sin-imagen.jpeg
Hillsong College;Hillsong-College;1;1;img/musica/artista/sin-imagen.jpeg
Hillsong Kids;Hillsong-Kids;1;1;img/musica/artista/sin-imagen.jpeg
Hillsong United;Hillsong-United;1;1;img/musica/artista/sin-imagen.jpeg
Hillsong Young & Free;Hillsong-Young-&-Free;1;1;img/musica/artista/sin-imagen.jpeg
Jesús Adrián Romero;Jesus-Adrian-Romero;1;1;img/musica/artista/sin-imagen.jpeg
Marco Barrientos;Marco-Barrientos;1;1;img/musica/artista/sin-imagen.jpeg
Marcos Witt;Marcos-Witt;1;1;img/musica/artista/sin-imagen.jpeg
Matt Redman;Matt-Redman;1;1;img/musica/artista/sin-imagen.jpeg
Paul Wilbur;Paul-Wilbur;1;1;img/musica/artista/sin-imagen.jpeg
Petra;Petra;1;1;img/musica/artista/sin-imagen.jpeg
Planetshakers;Planetshakers;1;1;img/musica/artista/sin-imagen.jpeg
Rojo;Rojo;1;1;img/musica/artista/sin-imagen.jpeg
Torre Fuerte;Torre-Fuerte;1;1;img/musica/artista/sin-imagen.jpeg
Varios;Varios;1;1;img/musica/artista/sin-imagen.jpeg
